silhouette,calinski_harabasz,davies_bouldin,n_clusters
0.12128504481605998,164.4329850711907,2.5697199153038817,2
